{
  "entrenamiento": {
    "Analfabetismo": {
      "RMSE": 1.5909398267452528,
      "MAE": 1.239157676286027,
      "R2": 0.9450075909803337
    },
    "Bajo_logro_educativo": {
      "RMSE": 1.776552242141818,
      "MAE": 1.4644811136323659,
      "R2": 0.9751683710493754
    },
    "Barreras_acceso_salud": {
      "RMSE": 0.9713661676537676,
      "MAE": 0.8226100504085213,
      "R2": 0.7614509790059861
    },
    "Desempleo_larga_duracion": {
      "RMSE": 1.3444766603764005,
      "MAE": 1.1182584107830895,
      "R2": 0.8576569687272948
    },
    "Inasistencia_escolar": {
      "RMSE": 0.8364307185721439,
      "MAE": 0.5984781810074614,
      "R2": 0.9644546044424147
    },
    "Rezago_escolar": {
      "RMSE": 1.3988525240283447,
      "MAE": 1.1408859804089833,
      "R2": 0.9429678580806131
    },
    "Sin_aseguramiento_salud": {
      "RMSE": 1.151478728635838,
      "MAE": 0.9228341828159216,
      "R2": 0.9031159774851844
    },
    "Trabajo_informal": {
      "RMSE": 1.3522747809974753,
      "MAE": 1.0213926204855892,
      "R2": 0.9838949890705418
    },
    "IPM_Total": {
      "RMSE": 2.3490403347219884,
      "MAE": 1.6839445266349602,
      "R2": 0.9714855543441923
    },
    "Vida_general": {
      "RMSE": 0.12616046888682683,
      "MAE": 0.10551062177440429,
      "R2": 0.8648552318111289
    },
    "Salud": {
      "RMSE": 0.14983836730611194,
      "MAE": 0.1201587217954666,
      "R2": 0.7910725809835661
    },
    "Seguridad": {
      "RMSE": 0.2196091667951196,
      "MAE": 0.19497353762518288,
      "R2": 0.8186417589959334
    },
    "Trabajo_actividad": {
      "RMSE": 0.1538056553863913,
      "MAE": 0.12566069385194092,
      "R2": 0.865272925806844
    },
    "Tiempo_libre": {
      "RMSE": 0.1387596139682781,
      "MAE": 0.109666462502368,
      "R2": 0.8457613079881674
    },
    "Ingreso": {
      "RMSE": 0.20987801635189446,
      "MAE": 0.17653057639352965,
      "R2": 0.8568928185863973
    },
    "Propia_totalmente_pagada": {
      "RMSE": 3.144746956206875,
      "MAE": 2.6892007407121787,
      "R2": 0.9043135177540397
    },
    "Propia_la_estan_pagando": {
      "RMSE": 0.48016381883869846,
      "MAE": 0.37367873047750244,
      "R2": 0.9327099035351114
    },
    "En_arriendo_o_subarriendo": {
      "RMSE": 2.6683118533445227,
      "MAE": 2.0798392475615475,
      "R2": 0.9562722520297552
    },
    "Con_permiso_sin_pago": {
      "RMSE": 1.4969918801180624,
      "MAE": 1.251155348380898,
      "R2": 0.9397680264890281
    },
    "Posesion_sin_titulo": {
      "RMSE": 2.030718708585237,
      "MAE": 1.612966860658527,
      "R2": 0.9584880594227337
    },
    "Propiedad_colectiva": {
      "RMSE": 3.346725206273643,
      "MAE": 1.9184106855725824,
      "R2": 0.9350064309870938
    },
    "Deficit_cuantitativo": {
      "RMSE": 2.5597857891408027,
      "MAE": 1.7629825060044215,
      "R2": 0.9841223230850679
    },
    "Deficit_cualitativo": {
      "RMSE": 2.2526766298400243,
      "MAE": 1.8229679246214194,
      "R2": 0.9736335318523188
    },
    "Deficit_habitacional": {
      "RMSE": 2.5214914247109874,
      "MAE": 1.9698405378183015,
      "R2": 0.9894793265928263
    },
    "No_alcanzan_gastos_minimos": {
      "RMSE": 4.525418573561,
      "MAE": 3.575315578309682,
      "R2": 0.889939492548762
    },
    "Alcanzan_gastos_minimos": {
      "RMSE": 4.521508814940669,
      "MAE": 3.4389433546864834,
      "R2": 0.8353313005623182
    },
    "Cubren_mas_gastos_minimos": {
      "RMSE": 0.9678450232865716,
      "MAE": 0.726852275289526,
      "R2": 0.9245959305582874
    },
    "Pobreza_monetaria": {
      "RMSE": 5.14654784438785,
      "MAE": 4.108354518707361,
      "R2": 0.9265295198832524
    },
    "No_pobres": {
      "RMSE": 5.14654784438785,
      "MAE": 4.10835451870736,
      "R2": 0.9265295198832524
    },
    "Energia": {
      "RMSE": 1.410898311526669,
      "MAE": 0.8033295718166387,
      "R2": 0.9840877854514898
    },
    "Gas_natural": {
      "RMSE": 2.9624695036160205,
      "MAE": 2.506721183838589,
      "R2": 0.9909306941533959
    },
    "Acueducto": {
      "RMSE": 3.4472139976525353,
      "MAE": 2.476639593322503,
      "R2": 0.9746038475022718
    },
    "Alcantarillado": {
      "RMSE": 2.6441952108113624,
      "MAE": 2.1106919061861817,
      "R2": 0.987967256618953
    },
    "Recoleccion_basura": {
      "RMSE": 2.227268874448244,
      "MAE": 1.7602353893739753,
      "R2": 0.9880037129651462
    },
    "Telefono_fijo": {
      "RMSE": 0.9446289499449375,
      "MAE": 0.7197408295016365,
      "R2": 0.9892374754529457
    },
    "Ningun_servicio": {
      "RMSE": 0.971505820298083,
      "MAE": 0.5650351800905468,
      "R2": 0.9935700665464474
    },
    "FIES_preocupacion_alimentos": {
      "RMSE": 5.087497367805331,
      "MAE": 4.14791655855281,
      "R2": 0.8519034206414342
    },
    "FIES_no_alimentos_saludables": {
      "RMSE": 4.541562768346713,
      "MAE": 3.7473357161235925,
      "R2": 0.76666374570148
    },
    "FIES_poca_variedad_alimentos": {
      "RMSE": 4.150097040163053,
      "MAE": 3.44438007647315,
      "R2": 0.8703447154311497
    },
    "FIES_saltar_comida": {
      "RMSE": 4.003811983339764,
      "MAE": 3.1865673468461604,
      "R2": 0.8839971780426155
    },
    "FIES_comio_menos": {
      "RMSE": 3.589230862919382,
      "MAE": 2.9435663041209374,
      "R2": 0.8760416066526331
    },
    "FIES_sin_alimentos": {
      "RMSE": 2.421300925281316,
      "MAE": 2.0945138465138764,
      "R2": 0.874303530071504
    },
    "FIES_hambre_sin_comer": {
      "RMSE": 2.8450944451666693,
      "MAE": 2.3522210071870506,
      "R2": 0.8337764200469368
    },
    "FIES_no_comio_dia_entero": {
      "RMSE": 2.428325460384004,
      "MAE": 1.7946072968839715,
      "R2": 0.861699754984599
    },
    "FIES_moderado_grave": {
      "RMSE": 3.749569774262031,
      "MAE": 2.962786719484265,
      "R2": 0.8815208343977466
    },
    "FIES_grave": {
      "RMSE": 1.3987487380534593,
      "MAE": 1.1666838865194682,
      "R2": 0.8054655403464033
    },
    "precipitacion_promedio": {
      "RMSE": 1.8262504799485877,
      "MAE": 1.476407078010417,
      "R2": 0.7591509813908203
    },
    "temperatura_promedio": {
      "RMSE": 0.6941614485581905,
      "MAE": 0.5001999947780726,
      "R2": 0.9704083758376744
    },
    "ndvi_promedio": {
      "RMSE": 0.04980180312865216,
      "MAE": 0.03711217343184193,
      "R2": 0.6411782298600683
    },
    "IPC_Total": {
      "RMSE": 1.9343424685736592,
      "MAE": 1.4487640741885388,
      "R2": 0.9040290346112365
    }
  },
  "resumen": {
    "rmse_entrenamiento": 2.1581383974883823,
    "mae_entrenamiento": 1.6905772383431565,
    "r2_entrenamiento": 0.9022660571849752,
    "variables_predichas": 50,
    "registros_entrenamiento": 384,
    "registros_prediccion": 384,
    "regularizacion": "L1 + L2",
    "alpha": 0.1,
    "l1_ratio": 0.5
  }
}