{
  "modelo": "ElasticNet_Original_FIES",
  "variables_originales": 48,
  "hiperparametros_optimizados": {
    "estimator__alpha": 0.1,
    "estimator__l1_ratio": 0.5,
    "estimator__max_iter": 1000
  },
  "entrenamiento": {
    "RMSE": 2.680069818799544,
    "MAE": 1.7611060412511337,
    "R2": 0.847127300431929
  },
  "validacion_cruzada": {
    "RMSE_mean": 2.6130544966641076,
    "RMSE_std": 0.6241522694421779,
    "MAE_mean": 1.8540940322476203,
    "MAE_std": 0.38721183218793237,
    "R2_mean": 0.7987507567583856,
    "R2_std": 0.11451525569541326
  },
  "resumen": {
    "rmse_entrenamiento": 2.680069818799544,
    "r2_entrenamiento": 0.847127300431929,
    "rmse_cv": 2.6130544966641076,
    "r2_cv": 0.7987507567583856,
    "variables_predichas": 2,
    "registros_entrenamiento": 1152,
    "registros_prediccion": 384,
    "features_utilizados": 83
  },
  "fecha_ejecucion": "2025-08-26T21:10:58.159559"
}