{
  "entrenamiento": {
    "Analfabetismo": {
      "RMSE": 0.01212377061056878,
      "MAE": 0.0028308288752468803,
      "R2": 0.999996806472513
    },
    "Bajo_logro_educativo": {
      "RMSE": 0.024138950790958964,
      "MAE": 0.0036570297661855564,
      "R2": 0.9999954155628545
    },
    "Barreras_acceso_salud": {
      "RMSE": 0.010034243471883045,
      "MAE": 0.006334226568066356,
      "R2": 0.9999745445392915
    },
    "Desempleo_larga_duracion": {
      "RMSE": 0.01460773485252895,
      "MAE": 0.004483736888524835,
      "R2": 0.9999831966671633
    },
    "Inasistencia_escolar": {
      "RMSE": 0.04819570589579578,
      "MAE": 0.005829565264925362,
      "R2": 0.9998819842164736
    },
    "Rezago_escolar": {
      "RMSE": 0.023837338057915654,
      "MAE": 0.008479749646521734,
      "R2": 0.9999834388179178
    },
    "Sin_aseguramiento_salud": {
      "RMSE": 0.018297048220342012,
      "MAE": 0.004094912492217869,
      "R2": 0.9999755374127337
    },
    "Trabajo_informal": {
      "RMSE": 0.008560429933593948,
      "MAE": 0.0013619791667320857,
      "R2": 0.9999993546099283
    },
    "IPM_Total": {
      "RMSE": 0.029564652383869825,
      "MAE": 0.007067791222861899,
      "R2": 0.9999954832137473
    },
    "Vida_general": {
      "RMSE": 0.001342197908539524,
      "MAE": 0.0004812065972290512,
      "R2": 0.9999847037221301
    },
    "Salud": {
      "RMSE": 0.0011709212720654898,
      "MAE": 0.0006080475628181514,
      "R2": 0.9999872413487424
    },
    "Seguridad": {
      "RMSE": 0.0027454595925993316,
      "MAE": 0.0011106842722042344,
      "R2": 0.9999716556515164
    },
    "Trabajo_actividad": {
      "RMSE": 0.0017398698200553635,
      "MAE": 0.0007208333333371628,
      "R2": 0.9999827597412764
    },
    "Tiempo_libre": {
      "RMSE": 0.0009214320908326978,
      "MAE": 0.00024899384470544506,
      "R2": 0.9999931986701998
    },
    "Ingreso": {
      "RMSE": 0.001959570002460667,
      "MAE": 0.0006294510610967974,
      "R2": 0.9999875247547676
    },
    "Propia_totalmente_pagada": {
      "RMSE": 0.019276553912295758,
      "MAE": 0.009793902031225857,
      "R2": 0.9999964046765083
    },
    "Propia_la_estan_pagando": {
      "RMSE": 0.005723869181340783,
      "MAE": 0.0010627670940191014,
      "R2": 0.9999904379351336
    },
    "En_arriendo_o_subarriendo": {
      "RMSE": 0.015544040256639146,
      "MAE": 0.0036171875000265835,
      "R2": 0.9999985160756374
    },
    "Con_permiso_sin_pago": {
      "RMSE": 0.012437973189460327,
      "MAE": 0.0036401924028384622,
      "R2": 0.9999958419717422
    },
    "Posesion_sin_titulo": {
      "RMSE": 0.042064065098787046,
      "MAE": 0.009740084134622552,
      "R2": 0.9999821886852627
    },
    "Propiedad_colectiva": {
      "RMSE": 0.019056305921682008,
      "MAE": 0.009069657362924144,
      "R2": 0.999997892790531
    },
    "Deficit_cuantitativo": {
      "RMSE": 0.04961762105136258,
      "MAE": 0.008064753437913177,
      "R2": 0.9999940344349064
    },
    "Deficit_cualitativo": {
      "RMSE": 0.028554331786412285,
      "MAE": 0.008670188492078916,
      "R2": 0.9999957635873633
    },
    "Deficit_habitacional": {
      "RMSE": 0.03182130311648775,
      "MAE": 0.0067811197917068645,
      "R2": 0.9999983244226965
    },
    "No_alcanzan_gastos_minimos": {
      "RMSE": 0.03426963496320241,
      "MAE": 0.010656121509333335,
      "R2": 0.9999936884946065
    },
    "Alcanzan_gastos_minimos": {
      "RMSE": 0.023825918846119395,
      "MAE": 0.006035606971209158,
      "R2": 0.999995427606401
    },
    "Cubren_mas_gastos_minimos": {
      "RMSE": 0.0045414038532525704,
      "MAE": 0.0013502604166723945,
      "R2": 0.9999983397886046
    },
    "Pobreza_monetaria": {
      "RMSE": 0.042441267372865396,
      "MAE": 0.011316406250042738,
      "R2": 0.9999950035961153
    },
    "No_pobres": {
      "RMSE": 0.04609812800536884,
      "MAE": 0.015442664930601794,
      "R2": 0.9999941054938124
    },
    "Energia": {
      "RMSE": 0.04093544833584273,
      "MAE": 0.006661979081055795,
      "R2": 0.9999866051362342
    },
    "Gas_natural": {
      "RMSE": 0.026797213531495022,
      "MAE": 0.007299039307222028,
      "R2": 0.999999257928854
    },
    "Acueducto": {
      "RMSE": 0.024710023129404762,
      "MAE": 0.003722569444505793,
      "R2": 0.9999986950984682
    },
    "Alcantarillado": {
      "RMSE": 0.021731014223148954,
      "MAE": 0.004080729166735339,
      "R2": 0.9999991872862298
    },
    "Recoleccion_basura": {
      "RMSE": 0.02858293852982933,
      "MAE": 0.002807291666732492,
      "R2": 0.9999980243259147
    },
    "Telefono_fijo": {
      "RMSE": 0.010002336966514083,
      "MAE": 0.001825260416675799,
      "R2": 0.9999987933130522
    },
    "Ningun_servicio": {
      "RMSE": 0.026900105797114705,
      "MAE": 0.002145980876957437,
      "R2": 0.9999950702642447
    },
    "FIES_preocupacion_alimentos": {
      "RMSE": 0.030769005885180244,
      "MAE": 0.009812803255803729,
      "R2": 0.9999945829410436
    },
    "FIES_no_alimentos_saludables": {
      "RMSE": 0.036438703823625296,
      "MAE": 0.014945204494029205,
      "R2": 0.9999849790493126
    },
    "FIES_poca_variedad_alimentos": {
      "RMSE": 0.03570657329544746,
      "MAE": 0.011063402394960379,
      "R2": 0.9999904022360097
    },
    "FIES_saltar_comida": {
      "RMSE": 0.025152279684645944,
      "MAE": 0.008870783477443836,
      "R2": 0.9999954219987037
    },
    "FIES_comio_menos": {
      "RMSE": 0.019697169780587585,
      "MAE": 0.007473795149726019,
      "R2": 0.9999962668038581
    },
    "FIES_sin_alimentos": {
      "RMSE": 0.00972150657575804,
      "MAE": 0.0035163029370434,
      "R2": 0.9999979737515593
    },
    "FIES_hambre_sin_comer": {
      "RMSE": 0.04767781802471062,
      "MAE": 0.01212751736112693,
      "R2": 0.999953319876172
    },
    "FIES_no_comio_dia_entero": {
      "RMSE": 0.03276947804248787,
      "MAE": 0.01453372764261608,
      "R2": 0.9999748146372387
    },
    "FIES_moderado_grave": {
      "RMSE": 0.03442232538115163,
      "MAE": 0.011038852348229341,
      "R2": 0.9999900147367569
    },
    "FIES_grave": {
      "RMSE": 0.01226072399534081,
      "MAE": 0.005088323023963386,
      "R2": 0.999985053160895
    },
    "precipitacion_promedio": {
      "RMSE": 1.2328740591653733,
      "MAE": 0.9753548963498195,
      "R2": 0.8902355705507502
    },
    "temperatura_promedio": {
      "RMSE": 0.42235005168512274,
      "MAE": 0.3120920888594042,
      "R2": 0.9890454908023129
    },
    "ndvi_promedio": {
      "RMSE": 0.032598111254698484,
      "MAE": 0.024078937301583142,
      "R2": 0.846264726329801
    },
    "IPC_Total": {
      "RMSE": 0.8685277778391618,
      "MAE": 0.6700195348200199,
      "R2": 0.9806518005551751
    }
  },
  "resumen": {
    "rmse_entrenamiento": 0.07190272812811856,
    "mae_entrenamiento": 0.04523477936527083,
    "r2_entrenamiento": 0.9941130973148631,
    "variables_predichas": 50,
    "registros_entrenamiento": 384,
    "registros_prediccion": 384
  }
}