{
  "entrenamiento": {
    "Analfabetismo": {
      "RMSE": 0.570457298672209,
      "MAE": 0.5492569696660449,
      "R2": 0.992929640128693
    },
    "Bajo_logro_educativo": {
      "RMSE": 0.935442369894641,
      "MAE": 0.8871576795801683,
      "R2": 0.9931153269942953
    },
    "Barreras_acceso_salud": {
      "RMSE": 0.1812873610531676,
      "MAE": 0.1752619536853086,
      "R2": 0.9916910385001927
    },
    "Desempleo_larga_duracion": {
      "RMSE": 0.3066679916089264,
      "MAE": 0.2962347450916802,
      "R2": 0.992594292187875
    },
    "Inasistencia_escolar": {
      "RMSE": 0.3586613970603984,
      "MAE": 0.3369148995279967,
      "R2": 0.9934642914888328
    },
    "Rezago_escolar": {
      "RMSE": 0.4852713402771686,
      "MAE": 0.4605207477082911,
      "R2": 0.9931365083952662
    },
    "Sin_aseguramiento_salud": {
      "RMSE": 0.31894383819502137,
      "MAE": 0.30639111983166906,
      "R2": 0.9925669208866104
    },
    "Trabajo_informal": {
      "RMSE": 0.8984887732292941,
      "MAE": 0.8709235021259079,
      "R2": 0.9928902155207642
    },
    "IPM_Total": {
      "RMSE": 1.1363241432250057,
      "MAE": 1.0763683388033722,
      "R2": 0.993327501985242
    },
    "Vida_general": {
      "RMSE": 0.029734169214075214,
      "MAE": 0.028720584179670522,
      "R2": 0.9924930371600026
    },
    "Salud": {
      "RMSE": 0.029316497670136152,
      "MAE": 0.028741387308890157,
      "R2": 0.9920021446337829
    },
    "Seguridad": {
      "RMSE": 0.04615006858357899,
      "MAE": 0.04540039868335077,
      "R2": 0.9919909488370038
    },
    "Trabajo_actividad": {
      "RMSE": 0.036789964213717136,
      "MAE": 0.035752245803067705,
      "R2": 0.9922915155614521
    },
    "Tiempo_libre": {
      "RMSE": 0.029571190269037893,
      "MAE": 0.02826689911628205,
      "R2": 0.9929950542049448
    },
    "Ingreso": {
      "RMSE": 0.0491768249362666,
      "MAE": 0.04826741115596069,
      "R2": 0.9921431493592064
    },
    "Propia_totalmente_pagada": {
      "RMSE": 0.9036346165364125,
      "MAE": 0.8841944616783097,
      "R2": 0.9920993122679808
    },
    "Propia_la_estan_pagando": {
      "RMSE": 0.16074338430730972,
      "MAE": 0.15563206057534265,
      "R2": 0.9924588339761631
    },
    "En_arriendo_o_subarriendo": {
      "RMSE": 1.052010389067323,
      "MAE": 1.005002772322804,
      "R2": 0.9932028947050147
    },
    "Con_permiso_sin_pago": {
      "RMSE": 0.5107397774867133,
      "MAE": 0.4917397822241761,
      "R2": 0.9929888772677974
    },
    "Posesion_sin_titulo": {
      "RMSE": 0.7688560806682639,
      "MAE": 0.7112417854671325,
      "R2": 0.9940493610163421
    },
    "Propiedad_colectiva": {
      "RMSE": 0.9889149403333574,
      "MAE": 0.8978211287525134,
      "R2": 0.9943252314496953
    },
    "Deficit_cuantitativo": {
      "RMSE": 1.6443693630478458,
      "MAE": 1.5665350344746833,
      "R2": 0.9934479309389421
    },
    "Deficit_cualitativo": {
      "RMSE": 1.182835408757815,
      "MAE": 1.1389796202090643,
      "R2": 0.9927305277076975
    },
    "Deficit_habitacional": {
      "RMSE": 2.0191945831479914,
      "MAE": 1.9334891062760338,
      "R2": 0.9932534010718566
    },
    "No_alcanzan_gastos_minimos": {
      "RMSE": 1.2371625280594554,
      "MAE": 1.226283379813576,
      "R2": 0.9917744013433485
    },
    "Alcanzan_gastos_minimos": {
      "RMSE": 1.0182213382884036,
      "MAE": 1.0094099818357236,
      "R2": 0.9916491885150152
    },
    "Cubren_mas_gastos_minimos": {
      "RMSE": 0.3080869703228404,
      "MAE": 0.2980600011485519,
      "R2": 0.9923593588148065
    },
    "Pobreza_monetaria": {
      "RMSE": 1.6173296518104714,
      "MAE": 1.552988024930703,
      "R2": 0.9927443229062861
    },
    "No_pobres": {
      "RMSE": 1.6172018458171449,
      "MAE": 1.5527042290380997,
      "R2": 0.9927454695894963
    },
    "Energia": {
      "RMSE": 0.8834110945640903,
      "MAE": 0.8408812335214754,
      "R2": 0.9937617195270502
    },
    "Gas_natural": {
      "RMSE": 2.6131258658429526,
      "MAE": 2.5324210444160737,
      "R2": 0.9929435392705008
    },
    "Acueducto": {
      "RMSE": 1.7598360367812698,
      "MAE": 1.6858397277769417,
      "R2": 0.9933812519359696
    },
    "Alcantarillado": {
      "RMSE": 1.8798699056520127,
      "MAE": 1.7589896075722506,
      "R2": 0.99391818483777
    },
    "Recoleccion_basura": {
      "RMSE": 1.5319060554909623,
      "MAE": 1.4336835811023791,
      "R2": 0.9943250006193033
    },
    "Telefono_fijo": {
      "RMSE": 0.7926734772814727,
      "MAE": 0.7700454190565121,
      "R2": 0.9924215514491198
    },
    "Ningun_servicio": {
      "RMSE": 0.9187122705606362,
      "MAE": 0.8617160733751031,
      "R2": 0.9942499092551588
    },
    "FIES_preocupacion_alimentos": {
      "RMSE": 1.164076124303331,
      "MAE": 1.1374524057456112,
      "R2": 0.9922464713492546
    },
    "FIES_no_alimentos_saludables": {
      "RMSE": 0.850648948449202,
      "MAE": 0.8373608151423119,
      "R2": 0.991813989090163
    },
    "FIES_poca_variedad_alimentos": {
      "RMSE": 1.0221296879635877,
      "MAE": 1.0096005178302723,
      "R2": 0.9921352354699776
    },
    "FIES_saltar_comida": {
      "RMSE": 0.9887956547389236,
      "MAE": 0.952773450354583,
      "R2": 0.9929248719789837
    },
    "FIES_comio_menos": {
      "RMSE": 0.879871840627111,
      "MAE": 0.8517791834664409,
      "R2": 0.992550759612557
    },
    "FIES_sin_alimentos": {
      "RMSE": 0.5871025511169093,
      "MAE": 0.5674634735106877,
      "R2": 0.9926098461434281
    },
    "FIES_hambre_sin_comer": {
      "RMSE": 0.5808077842792959,
      "MAE": 0.5518528854345714,
      "R2": 0.99307269813767
    },
    "FIES_no_comio_dia_entero": {
      "RMSE": 0.5795335203475901,
      "MAE": 0.5642689141176996,
      "R2": 0.9921229013537475
    },
    "FIES_moderado_grave": {
      "RMSE": 0.9060389755491888,
      "MAE": 0.8534317383567821,
      "R2": 0.9930821224832368
    },
    "FIES_grave": {
      "RMSE": 0.2748566965116401,
      "MAE": 0.2668988184164813,
      "R2": 0.9924884463681269
    },
    "precipitacion_promedio": {
      "RMSE": 1.7970879158588906,
      "MAE": 1.3446146844340772,
      "R2": 0.7667815833070106
    },
    "temperatura_promedio": {
      "RMSE": 0.5860558989190044,
      "MAE": 0.438324281149071,
      "R2": 0.9789076045855081
    },
    "ndvi_promedio": {
      "RMSE": 0.049299609170923325,
      "MAE": 0.03208543680988147,
      "R2": 0.6483783538752612
    },
    "IPC_Total": {
      "RMSE": 0.791075552940877,
      "MAE": 0.63963495591186,
      "R2": 0.9839487426938706
    }
  },
  "resumen": {
    "rmse_entrenamiento": 0.8375699914540772,
    "mae_entrenamiento": 0.7905875699703089,
    "r2_entrenamiento": 0.9809505096151655,
    "variables_predichas": 50,
    "registros_entrenamiento": 384,
    "registros_prediccion": 384,
    "escalamiento": "StandardScaler aplicado a X e y",
    "kernel": "RBF"
  }
}